last_name,first_name,year,p_earned_run,
Zimmermann, Jordan,2017,108,
Zastryzny, Rob,2017,12,
Wood, Travis,2017,71,
Wilson, Justin,2017,22,
Wainwright, Adam,2017,70,
Triggs, Andrew,2017,31,
Tonkin, Michael,2017,12,
Swarzak, Anthony,2017,20,
Taylor, Ben,2017,10,
Stroman, Marcus,2017,69,
Socolovich, Miguel,2017,18,
Slegers, Aaron,2017,11,
Shreve, Chasen,2017,19,
Scribner, Troy,2017,11,
Scott, Robby,2017,15,
Scherzer, Max,2017,56,
Santana, Edgar,2017,7,
Samardzija, Jeff,2017,102,
Sale, Chris,2017,69,
Ross Jr., Robbie,2017,7,
Roark, Tanner,2017,94,
Rhame, Jacob,2017,9,
Reininger, Zac,2017,8,
Reed, Cody,2017,10,
Ramirez, Noe,2017,4,
Pineda, Michael,2017,47,
Peralta, Wandy,2017,27,
Nuno, Vidal,2017,17,
Morrow, Brandon,2017,10,
Morin, Mike,2017,16,
Montgomery, Mike,2017,49,
Miranda, Ariel,2017,91,
Miley, Wade,2017,98,
McAllister, Zach,2017,18,
Matz, Steven,2017,45,
Maton, Phil,2017,20,
Maness, Seth,2017,4,
Lynn, Lance,2017,71,
Lyles, Jordan,2017,60,
Lively, Ben,2017,42,
Lewicki, Artie,2017,7,
Lackey, John,2017,87,
Keuchel, Dallas,2017,47,
Kennedy, Ian,2017,92,
Kelly, Joe,2017,18,
Herrera, Kelvin,2017,28,
Hernandez, Felix,2017,42,
Hauschild, Mike,2017,10,
Hart, Donnie,2017,18,
Hamels, Cole,2017,69,
Guerra, Deolis,2017,13,
Gsellman, Robert,2017,69,
Green, Chad,2017,14,
Gray, Jon,2017,45,
Giolito, Lucas,2017,12,
Gibson, Kyle,2017,89,
Garcia, Jaime,2017,77,
Freeland, Kyle,2017,71,
Fister, Doug,2017,49,
Finnegan, Brandon,2017,6,
Fiers, Mike,2017,89,
Farmer, Buck,2017,36,
Familia, Jeurys,2017,12,
Estrada, Marco,2017,103,
Edwards Jr., Carl,2017,22,
Duffey, Tyler,2017,39,
Chavez, Jesse,2017,82,
Chatwood, Tyler,2017,77,
Castro, Simon,2017,18,
Capps, Carter,2017,9,
Bradley, Archie,2017,14,
Bracho, Silvino,2017,13,
Boyd, Matthew,2017,79,
Bowman, Matt,2017,26,
Bibens-Dirkx, Austin,2017,36,
Biagini, Joe,2017,71,
Bethancourt, Christian,2017,6,
Bergman, Christian,2017,30,
Barnes, Danny,2017,26,
Axford, John,2017,15,
Anderson, Chase,2017,43,
Alvarado, Jose,2017,12,
Alcantara, Sandy,2017,4,
Alcantara, Raul,2017,19,
Yacabonis, Jimmy,2017,10,
Wood, Blake,2017,45,
Wojciechowski, Asher,2017,45,
Weaver, Jered,2017,35,
Wahl, Bobby,2017,4,
Wacha, Michael,2017,76,
Vizcaino, Arodys,2017,18,
Valdez, Cesar,2017,26,
Tillman, Chris,2017,81,
Stumpf, Daniel,2017,16,
Stewart, Brock,2017,13,
Soria, Joakim,2017,23,
Smith, Carson,2017,1,
Sherriff, Ryan,2017,5,
Sanchez, Aaron,2017,17,
Sabathia, CC,2017,61,
Ryan, Kyle,2017,5,
Romano, Sal,2017,43,
Rogers, Taylor,2017,19,
Rodriguez, Joely,2017,19,
Rodon, Carlos,2017,32,
Ramos, AJ,2017,26,
Quintana, Jose,2017,87,
Quackenbush, Kevin,2017,23,
Price, David,2017,28,
Pill, Tyler,2017,13,
Peters, Dillon,2017,18,
Hursh, Jason,2017,6,
Paredes, Eduardo,2017,11,
Norris, Daniel,2017,60,
Neverauskas, Dovydas,2017,11,
Neshek, Pat,2017,11,
Musgrove, Joe,2017,58,
Moylan, Peter,2017,23,
Morgan, Adam,2017,25,
Moore, Matt,2017,107,
Montas, Frankie,2017,25,
Miller, Shelby,2017,10,
McGrath, Kyle,2017,6,
Mazzoni, Cory,2017,12,
Martinez, Carlos,2017,83,
Maples, Dillon,2017,6,
Machi, Jean,2017,1,
Lyons, Tyler,2017,17,
Lee, Zach,2017,5,
Latos, Mat,2017,11,
Kontos, George,2017,25,
Jeffress, Jeremy,2017,34,
Jaye, Myles,2017,17,
Jansen, Kenley,2017,10,
Hughes, Phil,2017,35,
Howell, J.P.,2017,9,
Holland, Greg,2017,23,
Hildenberger, Trevor,2017,15,
Heston, Chris,2017,11,
Heaney, Andrew,2017,17,
Harris, Will,2017,15,
Hahn, Jesse,2017,41,
Greinke, Zack,2017,72,
Gregerson, Luke,2017,31,
Goldberg, Brad,2017,11,
Gearrin, Cory,2017,15,
Gausman, Kevin,2017,97,
Garza, Matt,2017,63,
Fulmer, Michael,2017,70,
Flexen, Chris,2017,42,
Flaherty, Jack,2017,15,
Ellington, Brian,2017,36,
Devenski, Chris,2017,24,
Despaigne, Odrisamer,2017,26,
De La Rosa, Jorge,2017,24,
Cosart, Jarred,2017,13,
Chen, Wei-Yin,2017,14,
Casilla, Santiago,2017,28,
Butler, Eddie,2017,24,
Bummer, Aaron,2017,11,
Breslow, Craig,2017,20,
Boxberger, Brad,2017,11,
Bell, Chad,2017,48,
Anderson, Tyler,2017,46,
Alvarez, Dario,2017,5,
Alvarez III, Henderson,2017,7,
Alcantara, Victor,2017,7,
Adams, Austin,2017,2,
deGrom, Jacob,2017,79,
Young, Chris,2017,25,
Workman, Brandon,2017,14,
Wood, Alex,2017,46,
Wittgren, Nick,2017,22,
Wisler, Matt,2017,30,
Winkler, Dan,2017,4,
Watson, Tony,2017,25,
Verlander, Justin,2017,77,
Treinen, Blake,2017,33,
Tepesch, Nick,2017,9,
Syndergaard, Noah,2017,10,
Stephens, Jackson,2017,13,
Skoglund, Eric,2017,19,
Sewald, Paul,2017,33,
Salas, Fernando,2017,34,
Rzepczynski, Marc,2017,14,
Ryu, Hyun Jin,2017,53,
Rodriguez, Francisco,2017,22,
Richard, Clayton,2017,105,
Pivetta, Nick,2017,89,
Phelps, David,2017,21,
Petit, Yusmeiro,2017,28,
Peacock, Brad,2017,44,
Paulino, David,2017,21,
Parker, Blake,2017,19,
Oberg, Scott,2017,32,
O'Flaherty, Eric,2017,16,
Nolasco, Ricky,2017,99,
Nicolino, Justin,2017,27,
Newcomb, Sean,2017,48,
Miller, Andrew,2017,10,
Motte, Jason,2017,16,
Morris, Bryan,2017,15,
Moll, Sam,2017,8,
Mitchell, Bryan,2017,21,
Middleton, Keynan,2017,25,
Meyer, Alex,2017,28,
McGowan, Kevin,2017,5,
McCullers Jr., Lance,2017,56,
Martes, Francis,2017,35,
Marinez, Jhan,2017,24,
Maddox, Austin,2017,1,
Lucas, Josh,2017,3,
Logan, Boone,2017,11,
Lawrence, Casey,2017,39,
Law, Derek,2017,21,
Krol, Ian,2017,29,
Koehler, Tom,2017,54,
Knebel, Corey,2017,15,
Iglesias, Raisel,2017,21,
Harrell, Lucas,2017,5,
Hardy, Blaine,2017,22,
Haley, Justin,2017,12,
Greene, Shane,2017,20,
Goody, Nick,2017,17,
Gonzalez, Miguel,2017,80,
Gohara, Luiz,2017,16,
Glasnow, Tyler,2017,53,
Gaviglio, Sam,2017,36,
Garrett, Amir,2017,58,
Diaz, Jairo,2017,5,
De Jong, Chase,2017,20,
Davis, Rookie,2017,23,
Darvish, Yu,2017,80,
Curtis, Zac,2017,1,
Clippard, Tyler,2017,32,
Callahan, Jamie,2017,3,
Buchter, Ryan,2017,21,
Buchholz, Clay,2017,10,
Brothers, Rex,2017,19,
Blach, Ty,2017,87,
Berrios, Jose,2017,63,
Bass, Anthony,2017,9,
Barraclough, Kyle,2017,22,
Barnes, Jacob,2017,32,
Bailey, Homer,2017,65,
Avilan, Luis,2017,15,
Arroyo, Bronson,2017,58,
Aquino, Jayson,2017,11,
Altavilla, Dan,2017,22,
Albers, Matt,2017,11,
Whalen, Rob,2017,5,
Warren, Adam,2017,15,
Volquez, Edinson,2017,43,
Vincent, Nick,2017,23,
Velasquez, Vince,2017,41,
Vargas, Jason,2017,83,
Thompson, Jake,2017,20,
Taillon, Jameson,2017,66,
Stammen, Craig,2017,28,
Smith, Josh A.,2017,19,
Sims, Lucas,2017,36,
Shipley, Braden,2017,16,
Shackelford, Kevin,2017,16,
Roe, Chaz,2017,3,
Sanchez, Angel,2017,12,
Romo, Sergio,2017,22,
Rodriguez, Richard,2017,9,
Rodriguez, Eduardo,2017,64,
Putnam, Zach,2017,1,
Reed, Addison,2017,24,
Ravin, Josh,2017,12,
Ramirez, JC,2017,68,
Pomeranz, Drew,2017,64,
Petricka, Jake,2017,20,
Perdomo, Luis,2017,85,
Paxton, James,2017,45,
Osuna, Roberto,2017,24,
Okert, Steven,2017,17,
O'Grady, Chris,2017,16,
Nola, Aaron,2017,66,
Nicasio, Juan,2017,21,
Neal, Zach,2017,13,
Minor, Mike,2017,22,
Merritt, Ryan,2017,4,
Melancon, Mark,2017,15,
Maurer, Brandon,2017,43,
Mahle, Tyler,2017,6,
Lorenzen, Michael,2017,41,
Lopez, Reynaldo,2017,25,
Lindblom, Josh,2017,9,
Lester, Jon,2017,87,
Lamet, Dinelson,2017,58,
Kuhl, Chad,2017,76,
Kelley, Shawn,2017,21,
Johnson, Jim,2017,35,
Jennings, Dan,2017,24,
Hunter, Tommy,2017,17,
Hoover, J.J.,2017,18,
Hoffman, Jeff,2017,65,
Hernandez, David,2017,19,
Hellickson, Jeremy,2017,99,
Happ, J.A.,2017,57,
Guerra, Javy,2017,7,
Griffin, A.J.,2017,51,
Garton, Ryan,2017,12,
Garcia, Onelki,2017,9,
Gant, John,2017,9,
Gallardo, Yovani,2017,83,
Foltynewicz, Mike,2017,82,
Fien, Casey,2017,17,
Feldman, Scott,2017,59,
Edgin, Josh,2017,15,
Diaz, Jumbo,2017,19,
Dayton, Grant,2017,13,
Crick, Kyle,2017,11,
Coulombe, Danny,2017,20,
Colon, Bartolo,2017,103,
Claudio, Alex,2017,23,
Castro, Miguel,2017,26,
Bundy, Dylan,2017,80,
Bumgarner, Madison,2017,41,
Brach, Brad,2017,24,
Bonilla, Lisalverto,2017,33,
Benoit, Joaquin,2017,26,
Bastardo, Antonio,2017,15,
Beliveau, Jeff,2017,13,
Bedrosian, Cam,2017,22,
Beck, Chris,2017,46,
Barnes, Matt,2017,30,
Astin, Barrett,2017,6,
Armstrong, Shawn,2017,12,
Andriese, Matt,2017,43,
Yates, Kirby,2017,25,
Wright, Daniel,2017,10,
Wilson, Tyler,2017,12,
Webb, Tyler,2017,5,
Weaver, Luke,2017,26,
Turner, Jacob,2017,22,
Tuivailala, Sam,2017,12,
Suter, Brent,2017,31,
Strickland, Hunter,2017,18,
Strasburg, Stephen,2017,49,
Straily, Dan,2017,86,
Smith, Joe,2017,20,
Smith, Caleb,2017,16,
Simmons, Shae,2017,6,
Siegrist, Kevin,2017,21,
Schugel, A.J.,2017,7,
Broxton, Jonathan,2017,12,
Santos, Luis,2017,5,
Ross, Joe,2017,41,
Rosenthal, Trevor,2017,18,
Rondon, Hector,2017,27,
Rodney, Fernando,2017,26,
Robles, Hansel,2017,31,
Ramirez, Neil,2017,25,
Peralta, Wily,2017,50,
Otero, Dan,2017,19,
Morton, Charlie,2017,59,
Moya, Gabriel,2017,3,
Morris, Akeel,2017,1,
Moore, Andrew,2017,35,
Minaya, Juan,2017,22,
Milner, Hoby,2017,7,
McHugh, Collin,2017,25,
McGowan, Dustin,2017,41,
McCarthy, Brandon,2017,41,
Mayza, Tim,2017,13,
Lugo, Seth,2017,53,
Leclerc, Jose,2017,20,
Layne, Tommy,2017,11,
Kela, Keone,2017,12,
Karns, Nate,2017,21,
Kahnle, Tommy,2017,18,
Junis, Jakob,2017,47,
Jorge, Felix,2017,9,
Hughes, Jared,2017,20,
Hendricks, Kyle,2017,47,
Hammel, Jason,2017,106,
Gustave, Jandel,2017,3,
Grimm, Justin,2017,34,
Grilli, Jason,2017,28,
Gee, Dillon,2017,19,
Fulmer, Carson,2017,10,
Fry, Jace,2017,8,
Frieri, Ernesto,2017,4,
Feliz, Michael,2017,30,
Farrell, Luke,2017,8,
Duke, Zach,2017,8,
Duffy, Danny,2017,62,
Duensing, Brian,2017,19,
Diaz, Dayan,2017,13,
Covey, Dylan,2017,60,
Cotton, Jharel,2017,80,
Collmenter, Josh,2017,17,
Cole, Gerrit,2017,96,
Cingrani, Tony,2017,20,
Chafin, Andrew,2017,20,
Cashner, Andrew,2017,63,
Carrasco, Carlos,2017,73,
Campos, Leonel,2017,4,
Cahill, Trevor,2017,46,
Brice, Austin,2017,18,
Brebbia, John,2017,14,
Boshers, Buddy,2017,19,
Bolsinger, Mike,2017,29,
Blanton, Joe,2017,28,
Blackburn, Paul,2017,21,
Betances, Dellin,2017,19,
Baumann, Buddy,2017,5,
Barbato, Johnny,2017,13,
Baez, Pedro,2017,21,
Asher, Alec,2017,35,
Arano, Victor,2017,2,
Alexander, Scott,2017,19,
Ynoa, Michael,2017,19,
Volstad, Chris,2017,10,
Verrett, Logan,2017,5,
VerHagen, Drew,2017,22,
Urena, Jose,2017,72,
Turley, Nik,2017,22,
Therrien, Jesen,2017,17,
Teheran, Julio,2017,94,
Tazawa, Junichi,2017,35,
Tanaka, Masahiro,2017,94,
Diekman, Jake,2017,3,
Stripling, Ross,2017,31,
Strahm, Matt,2017,21,
Smoker, Josh,2017,32,
Skaggs, Tyler,2017,43,
Sipp, Tony,2017,24,
Saupold, Warwick,2017,34,
Santiago, Hector,2017,44,
Sanchez, Anibal,2017,75,
Rowley, Chris,2017,14,
Rosscup, Zac,2017,4,
Ramos, Edubray,2017,27,
Ramirez, Erasmo,2017,64,
O'Day, Darren,2017,23,
Pruitt, Austin,2017,49,
Pressly, Ryan,2017,32,
Pounders, Brooks,2017,12,
Porcello, Rick,2017,105,
Pagan, Emilio,2017,18,
Pinto, Ricardo,2017,26,
Pelfrey, Mike,2017,79,
Pazos, James,2017,23,
Odorizzi, Jake,2017,66,
Nelson, Jimmy,2017,68,
Moronta, Reyes,2017,2,
Moreno, Diego,2017,3,
Milone, Tommy,2017,41,
Mengden, Daniel,2017,15,
Manaea, Sean,2017,77,
Locke, Jeff,2017,29,
Leone, Dominic,2017,20,
Leon, Arcenio,2017,9,
Leiter Jr., Mark,2017,50,
Leake, Mike,2017,81,
LeBlanc, Wade,2017,34,
Jimenez, Joe,2017,26,
Kendrick, Kyle,2017,12,
Johnson, Brian,2017,13,
Holmberg, David,2017,30,
Holder, Jonathan,2017,17,
Hendriks, Liam,2017,30,
Heller, Ben,2017,1,
Hader, Josh,2017,11,
Guerra, Junior,2017,40,
Guduan, Reymin,2017,14,
Grace, Matt,2017,24,
Gossett, Daniel,2017,62,
Givens, Mychal,2017,24,
Gardewine, Nick,2017,5,
Garcia, Jarlin,2017,28,
Gallegos, Giovanny,2017,11,
Freeman, Sam,2017,17,
Feliz, Neftali,2017,28,
Fedde, Erick,2017,16,
Estevez, Carlos,2017,20,
Dunn, Mike,2017,25,
Curtiss, John,2017,8,
Corbin, Patrick,2017,85,
Conley, Adam,2017,70,
Cole, A.J.,2017,22,
Cobb, Alex,2017,73,
Clevinger, Mike,2017,42,
Chapman, Aroldis,2017,18,
Cecil, Brett,2017,29,
Bush, Matt,2017,22,
Busenitz, Alan,2017,7,
Buehler, Walker,2017,8,
Buchanan, Jake,2017,13,
Bradford, Chasen,2017,14,
Blazek, Michael,2017,8,
Belisle, Matt,2017,27,
Bauer, Trevor,2017,82,
Arrieta, Jake,2017,66,
Anderson, Brett,2017,39,
Alvarez, Jose,2017,21,
Adleman, Tim,2017,75,
Ziegler, Brad,2017,25,
Ynoa, Gabriel,2017,16,
Woodruff, Brandon,2017,23,
Whitley, Chase,2017,26,
Wheeler, Zack,2017,50,
Velazquez, Hector,2017,8,
Vazquez, Felipe,2017,14,
Valdez, Jose A.,2017,17,
Urias, Julio,2017,14,
Torres, Jose,2017,32,
Tomlin, Josh,2017,78,
Tepera, Ryan,2017,31,
Suarez, Albert,2017,18,
Stratton, Chris,2017,24,
Steckenrider, Drew,2017,9,
Stanek, Ryne,2017,13,
Solis, Sammy,2017,17,
Snell, Blake,2017,58,
Rios, Yacksel,2017,8,
Shoemaker, Matt,2017,39,
Sherfy, James,2017,0,
Shaw, Bryan,2017,30,
Scahill, Rob,2017,11,
Santana, Ervin,2017,77,
Perez, Oliver,2017,17,
Rusin, Chris,2017,25,
Rondon, Bruce,2017,19,
Romero, Enny,2017,22,
Rodriguez, Ricardo,2017,9,
Qualls, Chad,2017,10,
Perkins, Glen,2017,6,
Paredes, Edward,2017,3,
Overton, Dillon,2017,17,
Ottavino, Adam,2017,30,
Osich, Josh,2017,30,
Oh, Seunghwan,2017,27,
Norris, Bud,2017,29,
McGuire, Deck,2017,4,
McGee, Jake,2017,23,
McFarland, T.J.,2017,32,
Martinez, Nick,2017,70,
Marshall, Evan,2017,8,
Marquez, German,2017,79,
Maeda, Kenta,2017,63,
Madson, Ryan,2017,12,
Leathersich, Jack,2017,2,
Kolarek, Adam,2017,6,
Kluber, Corey,2017,51,
Jones, Nate,2017,3,
Jimenez, Ubaldo,2017,108,
Jackson, Luke,2017,26,
Iwakuma, Hisashi,2017,15,
Infante, Gregory,2017,19,
Hudson, Daniel,2017,30,
Hu, Chih-Wei,2017,3,
Hoyt, James,2017,24,
Holland, Derek,2017,93,
Hernandez, Ariel,2017,14,
Hatcher, Chris,2017,28,
Harvey, Matt,2017,69,
Graveman, Kendall,2017,49,
Gonzalez, Gio,2017,66,
Godley, Zack,2017,58,
Glover, Koda,2017,11,
Fields, Josh,2017,18,
Eickhoff, Jerad,2017,67,
Eflin, Zach,2017,44,
Doolittle, Sean,2017,16,
Diaz, Miguel,2017,34,
Dermody, Matt,2017,11,
Davis, Wade,2017,15,
Davies, Zach,2017,83,
Cueto, Johnny,2017,74,
Crichton, Stefan,2017,11,
Cishek, Steve,2017,10,
Chacin, Alejandro,2017,7,
Brady, Michael,2017,20,
Blevins, Jerry,2017,16,
Bleier, Richard,2017,14,
Bettis, Chad,2017,26,
Banda, Anthony,2017,17,
Allen, Cody,2017,22,
Alburquerque, Al,2017,5,
Albers, Andrew,2017,16,
Zych, Tony,2017,12,
Wright, Steven,2017,22,
Wright, Mike,2017,16,
Worley, Vance,2017,55,
Wimmers, Alex,2017,4,
Wilson, Alex,2017,30,
Williams, Trevor,2017,68,
Wilkerson, Aaron,2017,4,
Wilk, Adam,2017,14,
Wilhelmsen, Tom,2017,13,
Walker, Taijuan,2017,61,
Uehara, Koji,2017,19,
Tseng, Jen-Ho,2017,5,
Torres, Carlos,2017,34,
Strop, Pedro,2017,19,
Storen, Drew,2017,27,
Stephenson, Robert,2017,44,
Smith, Chris,2017,42,
Shields, James,2017,68,
Severino, Luis,2017,64,
Senzatela, Antonio,2017,70,
Scribner, Evan,2017,9,
Salazar, Danny,2017,49,
Ross, Tyson,2017,42,
Robertson, David,2017,14,
Richards, Garrett,2017,7,
Ray, Robbie,2017,52,
Ramirez, Jose,2017,22,
Ramirez, Carlos,2017,5,
Perez, Martin,2017,99,
Pena, Felix,2017,20,
Olson, Tyler,2017,0,
Minter, A.J.,2017,5,
Nova, Ivan,2017,86,
Neris, Hector,2017,25,
Montgomery, Jordan,2017,67,
Montero, Rafael,2017,73,
Mendez, Yohander,2017,7,
Melville, Tim,2017,7,
Mejia, Adalberto,2017,49,
McCarthy, Kevin,2017,16,
Loup, Aaron,2017,24,
Liriano, Francisco,2017,61,
Labourt, Jairo,2017,3,
Kittredge, Andrew,2017,3,
Kintzler, Brandon,2017,24,
Kimbrel, Craig,2017,11,
Kershaw, Clayton,2017,45,
Jackson, Edwin,2017,44,
Hill, Rich,2017,50,
Hembree, Heath,2017,25,
Hand, Brad,2017,19,
Gray, Sonny,2017,64,
Gonzales, Marco,2017,27,
Gomez, Jeanmar,2017,18,
Goeddel, Erik,2017,17,
Giles, Ken,2017,16,
German, Domingo,2017,5,
Garcia, Luis,2017,21,
Fried, Max,2017,11,
Floro, Dylan,2017,7,
Ferrell, Jeff,2017,7,
Farquhar, Danny,2017,23,
Faria, Jake,2017,33,
Espino, Paolo,2017,16,
Dyson, Sam,2017,37,
Dull, Ryan,2017,24,
Drake, Oliver,2017,29,
Dickey, R.A.,2017,90,
Diaz, Edwin,2017,24,
Delgado, Randall,2017,25,
De La Rosa, Rubby,2017,4,
Colome, Alex,2017,24,
Chacin, Jhoulys,2017,78,
Cessa, Luis,2017,19,
Castillo, Luis,2017,31,
Cain, Matt,2017,75,
Britton, Zack,2017,12,
Bridwell, Parker,2017,49,
Brault, Steven,2017,18,
Boyer, Blaine,2017,20,
Barrett, Jake,2017,15,
Barnette, Tony,2017,35,
Archer, Chris,2017,91,
Abad, Fernando,2017,16,
Gomez, Roberto,2017,5,
Mayers, Mike,2017,6,
Mujica, Edward,2017,7,